User ID,Product ID,Product Name,Brand,Category,Price,Rating,Color,Size
1,337,Shoes,Nike,Women's Fashion,80,2,White,L
1,465,T-shirt,Gucci,Women's Fashion,17,1,White,M
1,479,Sweater,Nike,Men's Fashion,51,1,Green,XL
1,515,Dress,Nike,Kids' Fashion,64,4,White,S
1,844,Sweater,Zara,Kids' Fashion,11,3,Blue,M
1,879,T-shirt,Nike,Kids' Fashion,67,4,Red,S
1,947,T-shirt,Zara,Kids' Fashion,48,3,White,S
1,964,Dress,Nike,Women's Fashion,31,5,White,S
1,986,Shoes,Gucci,Men's Fashion,11,5,Blue,M
2,90,Jeans,H&M,Men's Fashion,37,4,Red,XL
2,153,Shoes,Nike,Kids' Fashion,31,2,Black,S
2,552,Sweater,Adidas,Kids' Fashion,50,4,Blue,M
2,558,Jeans,Adidas,Women's Fashion,23,2,Red,XL
2,611,Shoes,Gucci,Kids' Fashion,85,2,White,L
2,674,Shoes,Adidas,Kids' Fashion,72,2,Green,L
2,795,Jeans,Gucci,Kids' Fashion,30,1,Black,S
2,850,T-shirt,Nike,Kids' Fashion,73,1,Yellow,L
2,957,Jeans,Nike,Men's Fashion,57,5,White,L
3,69,Sweater,Gucci,Women's Fashion,74,4,Yellow,M
3,198,T-shirt,Zara,Men's Fashion,67,3,Blue,XL
3,204,T-shirt,Zara,Kids' Fashion,81,2,Black,M
3,270,Sweater,Adidas,Kids' Fashion,60,4,Blue,XL
3,279,Shoes,Adidas,Kids' Fashion,11,2,Yellow,M
3,291,Dress,H&M,Women's Fashion,64,5,White,XL
3,300,Shoes,Adidas,Kids' Fashion,57,5,White,S
3,324,Sweater,Gucci,Men's Fashion,18,5,Black,XL
3,796,Jeans,H&M,Women's Fashion,86,2,Black,M
3,824,Shoes,Zara,Women's Fashion,17,1,White,L
3,867,Jeans,Nike,Men's Fashion,90,4,Black,S
4,86,Sweater,Zara,Men's Fashion,50,3,Yellow,M
4,273,Dress,Nike,Men's Fashion,29,2,White,XL
4,278,Jeans,Gucci,Men's Fashion,98,3,Black,L
4,294,Dress,H&M,Women's Fashion,89,4,White,XL
4,298,Shoes,Zara,Women's Fashion,14,1,Red,M
4,570,T-shirt,Adidas,Women's Fashion,54,1,Black,S
4,662,Dress,Nike,Women's Fashion,14,3,Black,S
4,949,T-shirt,Zara,Kids' Fashion,96,4,Green,M
4,950,T-shirt,Zara,Men's Fashion,86,2,Green,L
4,962,Shoes,Adidas,Women's Fashion,97,3,Green,L
4,973,Jeans,H&M,Kids' Fashion,20,4,Red,L
4,977,T-shirt,Nike,Men's Fashion,91,4,Red,XL
5,151,Shoes,Adidas,Men's Fashion,77,2,Blue,M
5,263,Jeans,Zara,Men's Fashion,71,4,Yellow,XL
5,449,Shoes,H&M,Men's Fashion,82,5,Black,XL
5,680,Dress,Nike,Women's Fashion,55,4,Red,XL
5,689,Jeans,H&M,Kids' Fashion,32,3,Black,L
5,809,Jeans,Adidas,Men's Fashion,22,3,White,XL
5,853,Dress,H&M,Kids' Fashion,20,3,Green,L
5,906,Shoes,Nike,Kids' Fashion,23,3,Yellow,M
6,65,Shoes,H&M,Kids' Fashion,33,3,Yellow,XL
6,70,Dress,Gucci,Women's Fashion,36,3,Yellow,M
6,74,Dress,Zara,Women's Fashion,68,3,White,XL
6,92,Jeans,Adidas,Men's Fashion,100,2,White,M
6,211,Jeans,Zara,Women's Fashion,50,3,Green,L
6,226,Sweater,H&M,Men's Fashion,16,2,Green,XL
6,546,Shoes,Zara,Women's Fashion,93,1,Red,L
6,547,Sweater,H&M,Kids' Fashion,89,3,Yellow,XL
6,559,Shoes,Gucci,Women's Fashion,10,4,Red,XL
6,585,Jeans,Adidas,Women's Fashion,68,4,Yellow,M
6,655,T-shirt,Zara,Men's Fashion,33,2,Black,S
6,704,T-shirt,Adidas,Kids' Fashion,38,5,Green,M
6,966,Jeans,Gucci,Kids' Fashion,66,5,Black,S
7,127,Shoes,Zara,Women's Fashion,47,5,Yellow,M
7,217,Sweater,Gucci,Women's Fashion,98,1,Yellow,S
7,304,Dress,Adidas,Women's Fashion,85,1,Green,M
7,326,Jeans,Zara,Men's Fashion,20,3,Green,L
7,354,Dress,Gucci,Men's Fashion,74,4,Red,M
7,366,Dress,Nike,Women's Fashion,29,4,Yellow,L
7,388,T-shirt,H&M,Men's Fashion,86,4,Green,M
7,432,Jeans,H&M,Kids' Fashion,55,2,Blue,L
7,513,Jeans,Zara,Men's Fashion,65,4,Green,M
7,530,Shoes,Adidas,Kids' Fashion,71,3,Black,M
7,602,Sweater,Zara,Women's Fashion,11,4,White,L
7,638,Sweater,Adidas,Men's Fashion,22,5,White,M
8,193,T-shirt,H&M,Women's Fashion,60,3,White,L
8,265,T-shirt,H&M,Kids' Fashion,60,3,Blue,XL
8,427,T-shirt,Zara,Kids' Fashion,15,5,Yellow,XL
8,520,Dress,Zara,Men's Fashion,13,3,Red,L
8,652,Jeans,Zara,Kids' Fashion,74,1,Yellow,L
8,671,Dress,Adidas,Women's Fashion,16,3,Blue,L
8,717,Sweater,Nike,Women's Fashion,34,4,Yellow,M
8,762,Jeans,Nike,Kids' Fashion,50,4,Blue,XL
8,917,Jeans,Zara,Men's Fashion,23,3,Red,M
8,999,T-shirt,Zara,Women's Fashion,68,3,Blue,S
9,13,Jeans,Nike,Kids' Fashion,35,2,Red,M
9,78,T-shirt,Nike,Men's Fashion,76,1,White,XL
9,208,Jeans,Zara,Men's Fashion,79,3,White,M
9,293,Sweater,Nike,Men's Fashion,96,3,Black,XL
9,437,Shoes,Gucci,Men's Fashion,96,3,Green,XL
9,480,Dress,Nike,Men's Fashion,70,2,Blue,XL
9,510,Shoes,Nike,Men's Fashion,60,3,Green,L
9,574,Jeans,Gucci,Women's Fashion,92,4,Black,L
9,596,Dress,H&M,Women's Fashion,35,4,Black,L
9,634,Shoes,Nike,Kids' Fashion,27,1,Yellow,S
9,686,Jeans,H&M,Women's Fashion,75,3,Green,M
9,794,Jeans,H&M,Women's Fashion,68,4,Black,M
9,811,Jeans,Gucci,Kids' Fashion,63,2,White,M
9,812,Dress,Nike,Women's Fashion,23,1,Blue,M
9,998,Sweater,Zara,Men's Fashion,47,4,White,L
10,89,Dress,Gucci,Men's Fashion,66,4,White,L
10,119,Jeans,Nike,Men's Fashion,73,3,Yellow,S
10,159,Jeans,Nike,Kids' Fashion,50,2,Green,S
10,238,Shoes,Adidas,Kids' Fashion,47,2,White,XL
10,402,Shoes,H&M,Women's Fashion,30,2,Yellow,M
10,433,Jeans,H&M,Men's Fashion,59,4,Yellow,M
10,553,Shoes,Adidas,Men's Fashion,90,1,Green,XL
10,619,T-shirt,Nike,Women's Fashion,97,1,Blue,M
10,636,Shoes,Gucci,Kids' Fashion,96,5,Yellow,L
10,641,Shoes,Zara,Kids' Fashion,20,2,White,M
10,764,Dress,H&M,Women's Fashion,30,2,Black,M
11,303,Jeans,Gucci,Women's Fashion,94,4,White,XL
11,426,Jeans,Zara,Men's Fashion,48,5,Black,L
11,472,Jeans,Adidas,Women's Fashion,67,3,Green,L
11,538,Dress,Nike,Men's Fashion,94,2,Blue,M
11,549,Dress,Zara,Women's Fashion,96,4,Blue,XL
11,554,Sweater,Adidas,Men's Fashion,51,4,Blue,L
11,640,T-shirt,Zara,Kids' Fashion,72,3,Red,S
11,660,Dress,Adidas,Kids' Fashion,41,3,Blue,S
11,675,Sweater,Nike,Kids' Fashion,29,1,Green,XL
11,678,Dress,H&M,Men's Fashion,85,3,Black,L
11,690,Jeans,H&M,Kids' Fashion,34,2,White,L
11,716,Shoes,Adidas,Men's Fashion,68,4,Red,S
11,736,T-shirt,Adidas,Men's Fashion,94,3,White,L
11,914,T-shirt,H&M,Kids' Fashion,46,4,Red,L
12,94,Shoes,Zara,Women's Fashion,21,4,Yellow,XL
12,490,T-shirt,Nike,Men's Fashion,41,2,Green,L
12,527,T-shirt,Nike,Kids' Fashion,31,4,Yellow,M
12,533,Shoes,Nike,Kids' Fashion,11,5,Green,S
12,768,Shoes,H&M,Women's Fashion,95,5,White,M
12,969,T-shirt,Gucci,Kids' Fashion,26,2,Red,L
13,172,Jeans,Zara,Women's Fashion,32,5,Yellow,M
13,288,Sweater,Nike,Men's Fashion,38,2,Black,M
13,314,Jeans,Nike,Kids' Fashion,94,2,Red,L
13,414,Dress,Zara,Kids' Fashion,63,2,Black,XL
13,467,Jeans,Adidas,Women's Fashion,69,2,Red,L
13,565,Sweater,Nike,Kids' Fashion,11,3,White,L
13,682,Jeans,Adidas,Women's Fashion,52,4,Blue,XL
13,746,Shoes,Gucci,Kids' Fashion,21,1,Black,S
13,827,Shoes,Nike,Women's Fashion,92,2,Red,XL
13,921,Jeans,Gucci,Men's Fashion,24,3,Green,S
13,923,Sweater,Zara,Men's Fashion,79,3,White,L
14,476,Shoes,H&M,Women's Fashion,70,4,White,XL
14,495,Jeans,Nike,Women's Fashion,78,1,Blue,S
14,752,Dress,Gucci,Men's Fashion,72,2,Blue,L
14,849,Dress,Nike,Kids' Fashion,60,4,Green,S
14,915,Shoes,Adidas,Kids' Fashion,35,3,White,M
15,18,Jeans,Gucci,Women's Fashion,73,4,Red,XL
15,71,Sweater,Adidas,Women's Fashion,35,5,White,M
15,330,T-shirt,Zara,Men's Fashion,26,2,Blue,M
15,543,Jeans,Gucci,Men's Fashion,86,4,Yellow,M
15,743,Jeans,H&M,Women's Fashion,55,2,Red,XL
15,835,T-shirt,Nike,Kids' Fashion,84,3,Yellow,XL
16,7,Jeans,Gucci,Men's Fashion,37,1,White,XL
16,138,Dress,H&M,Women's Fashion,23,2,Yellow,S
16,164,T-shirt,Nike,Men's Fashion,68,3,Red,L
16,186,Jeans,Adidas,Men's Fashion,56,2,Blue,L
16,376,Shoes,H&M,Kids' Fashion,22,4,Green,S
16,873,T-shirt,Gucci,Kids' Fashion,27,3,Red,L
16,933,Sweater,Adidas,Kids' Fashion,76,3,Blue,L
17,367,Shoes,Nike,Women's Fashion,31,3,Yellow,S
17,572,Sweater,H&M,Men's Fashion,63,4,Blue,S
17,621,Shoes,H&M,Men's Fashion,72,3,Yellow,S
17,663,Sweater,Zara,Women's Fashion,52,1,Black,L
17,708,T-shirt,Nike,Kids' Fashion,76,4,Black,M
17,753,Jeans,Zara,Kids' Fashion,86,4,Yellow,S
17,952,Dress,Zara,Women's Fashion,60,3,Black,L
18,36,Dress,H&M,Kids' Fashion,74,1,Green,S
18,97,Jeans,Gucci,Men's Fashion,52,4,Green,L
18,163,Dress,Nike,Women's Fashion,93,4,Green,S
18,282,Jeans,Nike,Men's Fashion,75,1,Black,M
18,413,Jeans,Zara,Women's Fashion,21,5,Green,XL
18,421,T-shirt,Nike,Kids' Fashion,89,2,White,M
18,446,Shoes,Adidas,Kids' Fashion,91,1,Black,L
18,829,Dress,Adidas,Men's Fashion,19,4,Black,XL
18,880,Sweater,Zara,Kids' Fashion,48,2,White,L
19,1,Dress,Adidas,Men's Fashion,40,1,Black,XL
19,49,Sweater,Gucci,Kids' Fashion,52,3,Green,XL
19,84,Sweater,Adidas,Women's Fashion,42,3,Red,L
19,107,Sweater,Zara,Men's Fashion,23,3,Red,L
19,393,Shoes,H&M,Men's Fashion,32,2,Black,M
19,617,Jeans,Adidas,Kids' Fashion,77,2,Black,XL
19,688,Sweater,H&M,Kids' Fashion,91,1,White,XL
19,831,Jeans,Gucci,Kids' Fashion,37,3,Black,S
19,931,Dress,Zara,Kids' Fashion,73,4,Blue,XL
20,30,Sweater,Nike,Kids' Fashion,99,3,Green,XL
20,183,Jeans,Zara,Kids' Fashion,67,3,Black,M
20,254,Jeans,Gucci,Kids' Fashion,15,1,Yellow,L
20,458,T-shirt,Gucci,Kids' Fashion,18,1,Black,L
20,501,Sweater,Adidas,Kids' Fashion,41,4,Green,S
20,731,Sweater,Adidas,Men's Fashion,62,5,White,XL
20,737,T-shirt,Adidas,Kids' Fashion,78,1,Blue,S
20,808,T-shirt,Adidas,Women's Fashion,26,4,Yellow,L
20,996,Shoes,Zara,Women's Fashion,55,2,Black,M
21,87,Shoes,Nike,Men's Fashion,41,4,Red,S
21,201,Jeans,Zara,Women's Fashion,57,4,Yellow,M
21,487,T-shirt,Adidas,Women's Fashion,62,4,Blue,XL
21,555,T-shirt,Adidas,Women's Fashion,67,4,Blue,L
21,744,Shoes,Zara,Men's Fashion,97,3,Black,XL
21,920,T-shirt,Gucci,Women's Fashion,95,4,Red,M
21,965,Sweater,Nike,Men's Fashion,55,4,Yellow,S
22,96,Dress,Gucci,Women's Fashion,30,5,Red,L
22,110,Sweater,Gucci,Women's Fashion,33,5,Blue,XL
22,338,Sweater,Nike,Women's Fashion,70,1,Blue,S
22,362,Jeans,Adidas,Men's Fashion,15,1,Red,S
22,415,Jeans,H&M,Kids' Fashion,41,3,Yellow,L
22,639,Shoes,Zara,Men's Fashion,26,4,Blue,L
22,650,Dress,Gucci,Women's Fashion,99,4,Green,M
22,789,Jeans,Nike,Women's Fashion,99,3,Yellow,XL
22,864,Sweater,Nike,Men's Fashion,48,4,Yellow,L
22,894,Shoes,Adidas,Men's Fashion,37,1,Black,S
23,134,Sweater,Zara,Women's Fashion,60,4,Yellow,S
23,374,Jeans,Nike,Men's Fashion,20,1,Black,S
23,571,Jeans,Nike,Men's Fashion,23,3,Red,M
23,782,T-shirt,Adidas,Men's Fashion,31,2,White,M
23,978,T-shirt,Zara,Men's Fashion,98,4,Black,M
24,56,Dress,Nike,Women's Fashion,53,2,White,XL
24,171,Jeans,Nike,Men's Fashion,42,2,Blue,S
24,212,T-shirt,Adidas,Women's Fashion,71,3,White,S
24,463,Dress,Adidas,Men's Fashion,25,3,Blue,M
24,505,Dress,Zara,Women's Fashion,75,2,Black,S
24,522,Sweater,Adidas,Men's Fashion,80,3,Yellow,S
24,535,Jeans,Nike,Women's Fashion,87,1,Red,L
24,582,Dress,Zara,Men's Fashion,70,2,White,M
24,739,Sweater,Gucci,Kids' Fashion,80,1,Red,M
24,816,Jeans,Nike,Kids' Fashion,86,1,Blue,XL
24,851,Jeans,Nike,Men's Fashion,46,3,Yellow,XL
24,941,Jeans,Zara,Men's Fashion,70,2,White,XL
25,3,Dress,Adidas,Women's Fashion,44,3,Yellow,XL
25,99,Shoes,Nike,Kids' Fashion,93,4,Yellow,L
25,267,Jeans,Adidas,Women's Fashion,53,4,Black,S
25,320,Sweater,H&M,Kids' Fashion,86,3,Yellow,L
25,332,Shoes,Zara,Men's Fashion,75,3,Blue,M
25,335,Sweater,Gucci,Men's Fashion,88,3,Red,XL
25,647,Shoes,Adidas,Women's Fashion,60,2,Black,M
25,676,Shoes,Nike,Women's Fashion,11,3,Black,L
25,713,Jeans,Gucci,Men's Fashion,75,4,Blue,XL
25,765,Sweater,H&M,Kids' Fashion,86,5,Blue,S
25,766,Jeans,Zara,Men's Fashion,40,4,Green,M
25,778,Dress,Nike,Kids' Fashion,80,4,White,L
25,881,Shoes,H&M,Men's Fashion,20,3,Red,XL
25,913,Shoes,Gucci,Kids' Fashion,56,4,Black,S
26,26,Dress,Gucci,Women's Fashion,21,5,Green,S
26,79,T-shirt,Nike,Men's Fashion,11,1,Red,L
26,305,Shoes,H&M,Women's Fashion,90,2,White,L
26,539,T-shirt,Nike,Kids' Fashion,10,3,Blue,L
26,540,Jeans,H&M,Kids' Fashion,80,1,Yellow,M
26,556,T-shirt,H&M,Women's Fashion,39,3,Red,L
26,579,Shoes,Gucci,Women's Fashion,57,5,White,XL
26,603,Dress,Zara,Kids' Fashion,13,2,Black,S
26,729,Sweater,Gucci,Kids' Fashion,10,3,Yellow,XL
26,839,Dress,Nike,Kids' Fashion,68,3,Blue,S
26,876,Dress,Nike,Kids' Fashion,82,1,Green,M
27,37,Sweater,Zara,Kids' Fashion,48,5,Blue,S
27,240,Dress,H&M,Men's Fashion,10,2,Black,L
27,245,Dress,H&M,Women's Fashion,15,2,Black,S
27,341,Jeans,Gucci,Men's Fashion,91,4,Red,XL
27,386,Dress,Adidas,Women's Fashion,17,4,Yellow,XL
27,436,T-shirt,Zara,Kids' Fashion,99,3,Black,XL
27,514,Dress,Adidas,Kids' Fashion,47,3,White,M
27,567,Dress,Zara,Kids' Fashion,96,1,Black,M
27,703,Shoes,Gucci,Men's Fashion,21,3,Blue,S
27,903,Sweater,Nike,Women's Fashion,99,2,Yellow,M
28,409,Shoes,Nike,Kids' Fashion,26,2,Red,S
28,519,Sweater,Adidas,Women's Fashion,29,3,Blue,XL
28,612,Shoes,Zara,Men's Fashion,27,2,Blue,XL
28,793,T-shirt,Zara,Kids' Fashion,82,1,Black,XL
28,798,Jeans,H&M,Kids' Fashion,75,2,Blue,M
28,980,T-shirt,H&M,Kids' Fashion,50,5,Blue,XL
29,133,Shoes,H&M,Kids' Fashion,28,2,Blue,XL
29,343,T-shirt,Gucci,Women's Fashion,91,5,Yellow,XL
29,517,T-shirt,Gucci,Men's Fashion,74,3,Blue,M
29,592,Jeans,Nike,Kids' Fashion,47,2,Yellow,M
29,927,T-shirt,Adidas,Men's Fashion,71,5,White,XL
30,207,Sweater,Gucci,Kids' Fashion,53,3,Black,M
30,281,Jeans,H&M,Women's Fashion,67,2,Green,S
30,297,Sweater,Gucci,Kids' Fashion,14,2,Blue,XL
30,323,Shoes,Zara,Women's Fashion,95,2,Green,M
30,416,Sweater,H&M,Women's Fashion,92,3,Blue,S
30,453,Shoes,Nike,Men's Fashion,34,3,Red,S
30,466,Sweater,H&M,Men's Fashion,37,1,Black,L
30,488,Sweater,H&M,Men's Fashion,81,1,Yellow,XL
30,492,Sweater,Zara,Kids' Fashion,69,1,Blue,M
30,622,T-shirt,Nike,Men's Fashion,45,4,Red,XL
30,661,Jeans,Gucci,Kids' Fashion,71,2,Blue,XL
30,738,Jeans,H&M,Men's Fashion,100,1,Blue,L
30,938,T-shirt,Gucci,Kids' Fashion,100,3,Blue,S
31,15,Shoes,Zara,Men's Fashion,54,4,Yellow,M
31,34,Jeans,H&M,Men's Fashion,80,4,Black,S
31,152,Jeans,Nike,Men's Fashion,71,5,Green,S
31,280,Dress,Gucci,Kids' Fashion,19,2,White,XL
31,560,Dress,Adidas,Women's Fashion,99,1,Red,XL
31,672,Sweater,Zara,Kids' Fashion,93,3,Blue,M
31,684,Dress,Adidas,Women's Fashion,12,4,White,S
31,749,Shoes,Gucci,Women's Fashion,43,2,Black,L
31,790,Shoes,Adidas,Men's Fashion,34,1,Red,S
31,810,Jeans,Zara,Kids' Fashion,39,1,Black,M
32,195,Shoes,Zara,Kids' Fashion,60,3,White,L
32,247,Shoes,Zara,Women's Fashion,72,2,White,S
32,268,Jeans,Adidas,Kids' Fashion,22,4,Yellow,L
32,381,Shoes,H&M,Men's Fashion,23,3,Green,S
32,383,Jeans,H&M,Men's Fashion,86,3,Black,L
32,532,Shoes,Zara,Men's Fashion,21,2,Blue,L
32,705,Dress,Nike,Kids' Fashion,67,2,Black,L
32,758,Jeans,Nike,Women's Fashion,51,4,Green,M
32,825,T-shirt,Zara,Men's Fashion,12,2,White,M
32,891,Dress,H&M,Women's Fashion,84,1,White,XL
32,908,Shoes,Zara,Kids' Fashion,36,3,White,M
33,54,Shoes,H&M,Men's Fashion,33,2,Blue,S
33,93,Shoes,Nike,Men's Fashion,70,5,White,S
33,188,Shoes,Nike,Men's Fashion,44,4,Green,XL
33,223,Jeans,Gucci,Women's Fashion,73,3,White,XL
33,239,Shoes,Gucci,Kids' Fashion,93,4,White,L
33,256,Jeans,Gucci,Kids' Fashion,86,2,Blue,L
33,377,Shoes,Zara,Women's Fashion,54,4,Black,L
33,396,Shoes,Zara,Men's Fashion,74,3,Blue,M
33,637,Shoes,Zara,Kids' Fashion,55,4,Green,S
33,664,Shoes,H&M,Kids' Fashion,28,4,White,L
33,801,Jeans,Zara,Men's Fashion,39,4,Black,XL
33,838,Jeans,Zara,Men's Fashion,60,3,Blue,S
34,136,Shoes,Zara,Men's Fashion,45,1,Blue,XL
34,145,T-shirt,Zara,Kids' Fashion,60,5,Green,S
34,165,Jeans,Gucci,Women's Fashion,67,2,White,XL
34,249,Jeans,H&M,Kids' Fashion,41,2,Black,XL
34,260,Dress,Adidas,Kids' Fashion,59,4,Green,S
34,269,Shoes,H&M,Kids' Fashion,100,5,Black,S
34,316,Jeans,H&M,Women's Fashion,68,2,Red,S
34,321,Shoes,Gucci,Kids' Fashion,40,4,Red,S
34,328,Jeans,Adidas,Kids' Fashion,12,1,Blue,L
34,635,Jeans,Adidas,Women's Fashion,29,2,Yellow,XL
34,654,Shoes,Zara,Kids' Fashion,42,4,Blue,S
34,701,Jeans,Nike,Women's Fashion,17,2,Blue,XL
34,772,Shoes,Gucci,Men's Fashion,24,5,Black,XL
34,788,Jeans,Adidas,Kids' Fashion,74,3,Red,S
34,878,Sweater,Nike,Women's Fashion,59,4,Yellow,XL
34,995,Sweater,Adidas,Kids' Fashion,58,4,Red,S
35,105,Jeans,Zara,Women's Fashion,52,2,Yellow,L
35,192,Sweater,Zara,Kids' Fashion,87,4,White,L
35,220,T-shirt,H&M,Kids' Fashion,42,5,Blue,L
35,411,Sweater,Nike,Men's Fashion,67,3,Red,M
35,542,Dress,Adidas,Men's Fashion,92,4,Red,S
35,606,Dress,Nike,Women's Fashion,28,4,White,S
35,651,Shoes,Gucci,Men's Fashion,16,1,Yellow,XL
35,687,Sweater,H&M,Kids' Fashion,74,4,Blue,L
35,760,Jeans,Nike,Women's Fashion,57,3,Green,S
35,826,Shoes,Adidas,Women's Fashion,92,5,Red,S
35,882,Sweater,Gucci,Women's Fashion,57,2,Yellow,XL
35,981,Shoes,Nike,Women's Fashion,97,3,White,XL
36,10,T-shirt,Zara,Kids' Fashion,55,4,White,XL
36,31,Jeans,H&M,Kids' Fashion,37,3,Blue,S
36,210,Jeans,Adidas,Women's Fashion,42,2,Yellow,M
36,349,Dress,Adidas,Kids' Fashion,97,3,White,XL
36,399,Dress,Adidas,Men's Fashion,37,3,Yellow,L
36,500,Shoes,Zara,Women's Fashion,88,2,Red,M
36,526,Jeans,Zara,Women's Fashion,70,3,Red,L
36,646,Sweater,Zara,Men's Fashion,36,3,Green,M
36,657,Jeans,Nike,Men's Fashion,87,2,Yellow,L
37,16,Dress,Adidas,Women's Fashion,27,1,Blue,S
37,77,Sweater,H&M,Kids' Fashion,90,2,Blue,L
37,115,Dress,Adidas,Kids' Fashion,64,3,Blue,L
37,309,Jeans,Gucci,Kids' Fashion,17,4,Black,S
37,404,Shoes,Adidas,Men's Fashion,71,3,Green,M
37,443,Sweater,Gucci,Men's Fashion,11,3,White,L
37,507,T-shirt,Zara,Women's Fashion,85,4,White,XL
37,562,T-shirt,Zara,Kids' Fashion,29,4,Green,L
37,666,T-shirt,H&M,Women's Fashion,76,2,Black,S
37,685,Jeans,Nike,Men's Fashion,19,1,White,M
37,711,Jeans,Adidas,Men's Fashion,34,3,Red,M
37,747,Jeans,Adidas,Kids' Fashion,73,1,White,XL
37,756,Jeans,Adidas,Men's Fashion,34,2,Black,XL
37,857,Dress,H&M,Men's Fashion,93,4,Blue,M
37,926,Dress,Zara,Women's Fashion,73,2,Blue,L
37,928,Sweater,Adidas,Kids' Fashion,10,5,Black,L
37,943,Jeans,Gucci,Kids' Fashion,71,4,Blue,L
37,948,Sweater,Gucci,Women's Fashion,83,4,Yellow,XL
38,59,Dress,Nike,Kids' Fashion,93,3,Blue,M
38,185,Sweater,Gucci,Men's Fashion,34,2,Yellow,L
38,190,Sweater,Zara,Kids' Fashion,32,4,Yellow,XL
38,257,Shoes,Nike,Women's Fashion,82,3,Red,S
38,290,Sweater,Zara,Men's Fashion,13,5,White,S
38,445,Sweater,H&M,Kids' Fashion,74,4,Yellow,L
38,471,T-shirt,Nike,Women's Fashion,96,2,Black,M
38,580,Shoes,Adidas,Men's Fashion,92,2,Green,S
38,586,Sweater,Nike,Kids' Fashion,99,2,Yellow,M
38,691,T-shirt,Adidas,Kids' Fashion,13,3,Blue,XL
38,852,Jeans,H&M,Kids' Fashion,83,3,Red,XL
38,886,Dress,Gucci,Men's Fashion,27,3,Blue,M
38,907,T-shirt,Adidas,Men's Fashion,27,2,Yellow,L
39,53,T-shirt,Nike,Men's Fashion,16,1,Red,M
39,148,Shoes,Adidas,Women's Fashion,82,3,Black,L
39,157,Dress,Adidas,Women's Fashion,67,4,Yellow,S
39,182,Jeans,Zara,Men's Fashion,68,4,Yellow,L
39,199,T-shirt,Zara,Women's Fashion,15,5,Black,M
39,295,Dress,H&M,Kids' Fashion,56,2,Black,XL
39,319,Jeans,H&M,Men's Fashion,61,1,White,L
39,398,T-shirt,H&M,Men's Fashion,16,2,White,M
39,460,Jeans,H&M,Kids' Fashion,94,3,Black,L
39,759,Shoes,Gucci,Kids' Fashion,65,2,Black,S
39,775,Dress,H&M,Men's Fashion,60,3,White,M
39,888,Sweater,Gucci,Kids' Fashion,73,5,Blue,S
39,956,Sweater,H&M,Men's Fashion,88,4,Black,M
40,130,Shoes,Nike,Women's Fashion,81,1,Green,M
40,162,T-shirt,Nike,Women's Fashion,48,3,Red,L
40,236,Shoes,Zara,Men's Fashion,44,2,White,S
40,468,Dress,Zara,Women's Fashion,38,1,White,S
40,534,Dress,Adidas,Kids' Fashion,94,5,Yellow,M
40,600,T-shirt,Adidas,Men's Fashion,97,1,Yellow,M
40,607,T-shirt,Nike,Women's Fashion,55,1,Yellow,S
40,726,T-shirt,Nike,Men's Fashion,10,3,Red,XL
40,777,Jeans,Adidas,Kids' Fashion,88,2,Green,M
40,912,Dress,Adidas,Men's Fashion,22,3,Blue,L
40,925,Sweater,H&M,Women's Fashion,69,3,Blue,S
41,17,Dress,Gucci,Women's Fashion,75,1,Blue,XL
41,205,T-shirt,H&M,Men's Fashion,73,3,Yellow,XL
41,312,Jeans,Zara,Men's Fashion,45,3,White,S
41,352,Dress,H&M,Men's Fashion,71,2,Green,XL
41,401,Jeans,Gucci,Women's Fashion,93,5,Green,S
41,537,Jeans,Nike,Men's Fashion,68,2,Red,M
41,577,T-shirt,H&M,Women's Fashion,66,2,White,M
41,587,T-shirt,Adidas,Women's Fashion,50,1,Blue,XL
41,896,Jeans,Gucci,Men's Fashion,80,4,Black,S
42,75,Dress,H&M,Women's Fashion,86,3,Blue,S
42,308,Jeans,Adidas,Men's Fashion,60,4,Yellow,S
42,344,Dress,Nike,Kids' Fashion,44,4,Blue,L
42,360,Sweater,H&M,Women's Fashion,24,2,Black,XL
42,451,T-shirt,Adidas,Kids' Fashion,69,3,Green,XL
42,721,Shoes,Zara,Kids' Fashion,77,2,Blue,M
42,813,Sweater,Zara,Men's Fashion,97,3,Blue,M
42,818,Dress,Nike,Women's Fashion,36,4,Blue,L
42,992,T-shirt,Gucci,Women's Fashion,91,5,Black,M
42,997,Sweater,Nike,Kids' Fashion,13,2,Green,L
43,41,Jeans,Gucci,Women's Fashion,40,3,Blue,L
43,42,Shoes,Zara,Kids' Fashion,43,2,Red,S
43,68,T-shirt,Gucci,Women's Fashion,76,4,Red,S
43,252,Dress,H&M,Men's Fashion,25,2,Blue,L
43,272,Dress,Nike,Kids' Fashion,95,2,White,M
43,452,Jeans,H&M,Kids' Fashion,11,4,Green,XL
43,461,Shoes,Zara,Kids' Fashion,93,1,Red,M
44,46,Dress,Zara,Men's Fashion,38,3,Yellow,XL
44,98,Sweater,Gucci,Kids' Fashion,61,4,Black,XL
44,137,Dress,Gucci,Kids' Fashion,90,3,Green,S
44,227,Dress,Adidas,Kids' Fashion,20,4,Red,S
44,259,Shoes,Nike,Men's Fashion,27,3,White,L
44,419,T-shirt,H&M,Kids' Fashion,72,3,Yellow,L
44,434,T-shirt,Zara,Kids' Fashion,22,2,Yellow,M
44,563,Shoes,Adidas,Men's Fashion,39,4,Blue,XL
44,615,T-shirt,Nike,Kids' Fashion,67,3,Red,L
44,626,Jeans,Adidas,Men's Fashion,29,4,Yellow,S
44,693,Shoes,Nike,Men's Fashion,62,3,Green,L
44,901,Jeans,Zara,Men's Fashion,41,5,Red,XL
45,489,Dress,Adidas,Men's Fashion,37,4,Black,M
45,557,Shoes,Adidas,Women's Fashion,85,2,Black,M
45,695,Dress,Zara,Women's Fashion,78,5,Red,XL
45,819,T-shirt,Zara,Men's Fashion,41,3,White,XL
45,910,Sweater,Adidas,Kids' Fashion,34,1,Green,S
46,39,Jeans,Adidas,Men's Fashion,90,2,Yellow,M
46,142,Shoes,Nike,Men's Fashion,38,4,White,XL
46,160,Shoes,Gucci,Women's Fashion,35,3,Black,L
46,225,Dress,Nike,Men's Fashion,61,2,Yellow,S
46,251,Jeans,Gucci,Kids' Fashion,87,2,White,L
46,264,Dress,Gucci,Women's Fashion,55,3,White,XL
46,339,Dress,Gucci,Women's Fashion,74,2,White,M
46,431,Jeans,H&M,Kids' Fashion,18,3,Green,S
46,435,T-shirt,Adidas,Men's Fashion,47,3,Blue,XL
46,588,T-shirt,Gucci,Kids' Fashion,24,3,White,S
46,645,T-shirt,Zara,Kids' Fashion,98,5,Black,S
46,702,Shoes,Gucci,Kids' Fashion,58,5,Blue,L
46,780,T-shirt,Gucci,Kids' Fashion,89,2,Blue,XL
46,958,Shoes,Adidas,Men's Fashion,16,2,Green,M
46,975,Dress,Zara,Men's Fashion,19,3,Black,L
47,441,Sweater,Adidas,Men's Fashion,50,2,Black,XL
47,506,Shoes,Nike,Women's Fashion,51,4,Blue,M
48,35,Jeans,Zara,Women's Fashion,37,4,Blue,L
48,114,Shoes,H&M,Men's Fashion,37,1,Red,M
48,175,Dress,Adidas,Men's Fashion,55,2,Blue,S
48,191,T-shirt,Gucci,Kids' Fashion,95,3,Black,M
48,197,Jeans,Nike,Kids' Fashion,90,2,Yellow,XL
48,224,T-shirt,Adidas,Women's Fashion,88,2,White,L
48,410,Jeans,H&M,Kids' Fashion,64,5,Green,XL
48,541,Jeans,Nike,Women's Fashion,17,2,Green,S
48,670,T-shirt,Gucci,Men's Fashion,55,4,Yellow,M
48,715,Shoes,Nike,Women's Fashion,84,5,Yellow,L
48,732,Shoes,Zara,Women's Fashion,28,3,Blue,S
48,799,Shoes,Adidas,Men's Fashion,20,2,Yellow,XL
48,859,T-shirt,Adidas,Women's Fashion,44,1,Red,L
49,215,T-shirt,Adidas,Men's Fashion,49,4,Yellow,S
49,285,Sweater,Nike,Women's Fashion,80,4,Yellow,L
49,302,T-shirt,Gucci,Kids' Fashion,37,5,White,M
49,329,Jeans,Nike,Women's Fashion,56,4,Blue,XL
49,440,Dress,Zara,Women's Fashion,83,5,White,L
49,551,Jeans,H&M,Women's Fashion,83,4,Blue,M
49,667,Shoes,Nike,Kids' Fashion,64,1,Blue,XL
49,741,Shoes,Nike,Women's Fashion,81,3,Blue,XL
49,863,Shoes,Gucci,Men's Fashion,99,1,Red,S
49,930,T-shirt,Adidas,Women's Fashion,31,3,White,M
50,14,Dress,Zara,Women's Fashion,34,3,White,L
50,64,Shoes,Gucci,Kids' Fashion,72,2,Red,M
50,170,Sweater,Gucci,Men's Fashion,20,3,Yellow,M
50,261,Dress,Zara,Men's Fashion,49,3,Yellow,S
50,277,Dress,H&M,Kids' Fashion,49,2,White,M
50,350,Jeans,H&M,Kids' Fashion,80,3,Black,XL
50,407,Shoes,Nike,Women's Fashion,78,4,White,XL
50,454,Shoes,Zara,Kids' Fashion,47,4,White,L
50,498,Dress,Zara,Men's Fashion,59,3,Yellow,XL
50,531,Dress,H&M,Women's Fashion,45,3,Green,L
50,710,Sweater,Zara,Men's Fashion,58,2,Red,S
50,982,Jeans,Nike,Kids' Fashion,11,4,Green,S
51,51,Jeans,Adidas,Women's Fashion,67,4,Yellow,XL
51,60,Shoes,H&M,Kids' Fashion,24,2,Yellow,XL
51,154,Dress,Zara,Men's Fashion,11,2,Blue,L
51,266,Jeans,Gucci,Kids' Fashion,62,2,White,XL
51,389,T-shirt,Zara,Women's Fashion,91,2,White,XL
51,516,Shoes,Gucci,Women's Fashion,33,2,Red,S
51,524,T-shirt,Nike,Kids' Fashion,47,2,Black,S
51,618,Shoes,Gucci,Kids' Fashion,85,5,Green,L
51,817,T-shirt,Adidas,Kids' Fashion,15,1,Black,XL
51,990,T-shirt,Gucci,Men's Fashion,16,3,Yellow,S
52,101,Jeans,Zara,Women's Fashion,95,2,Green,XL
52,117,Dress,Zara,Kids' Fashion,75,4,White,M
52,340,Sweater,Adidas,Women's Fashion,32,1,Blue,L
52,348,Shoes,Zara,Kids' Fashion,76,3,Blue,XL
52,351,Jeans,Nike,Women's Fashion,95,4,Red,XL
52,387,Dress,Adidas,Women's Fashion,24,1,Green,XL
52,424,Shoes,Adidas,Women's Fashion,45,3,Yellow,M
52,459,Dress,Adidas,Kids' Fashion,10,2,Black,S
52,481,Jeans,Zara,Women's Fashion,24,2,Blue,XL
52,511,Jeans,H&M,Kids' Fashion,78,3,Black,S
52,599,T-shirt,H&M,Men's Fashion,80,4,Green,S
52,699,T-shirt,Adidas,Men's Fashion,50,2,Green,S
52,843,Shoes,Nike,Kids' Fashion,91,3,Red,M
53,63,Jeans,Zara,Kids' Fashion,55,4,White,L
53,203,Jeans,Zara,Women's Fashion,75,2,Yellow,S
53,464,Shoes,Zara,Men's Fashion,74,1,Green,L
53,595,T-shirt,Gucci,Women's Fashion,96,4,Blue,S
53,805,Dress,H&M,Men's Fashion,84,3,Blue,XL
54,62,T-shirt,Nike,Men's Fashion,66,2,Blue,L
54,76,Jeans,Adidas,Women's Fashion,39,3,Black,XL
54,140,Shoes,Zara,Kids' Fashion,40,2,Green,M
54,147,Shoes,Gucci,Kids' Fashion,48,3,Green,L
54,168,Sweater,Gucci,Women's Fashion,69,4,Green,XL
54,179,Shoes,Adidas,Kids' Fashion,53,1,Blue,M
54,408,Sweater,H&M,Men's Fashion,62,3,White,L
54,485,Dress,H&M,Women's Fashion,70,3,Black,S
54,494,Sweater,Zara,Kids' Fashion,82,5,Green,M
54,544,T-shirt,Nike,Women's Fashion,77,4,Red,L
54,742,Dress,H&M,Men's Fashion,85,3,Yellow,L
54,865,Jeans,Gucci,Women's Fashion,80,2,Yellow,M
54,874,Dress,Gucci,Kids' Fashion,45,4,Yellow,XL
55,189,Jeans,Adidas,Women's Fashion,15,3,Blue,L
55,241,Jeans,Gucci,Men's Fashion,21,2,Green,S
55,311,Jeans,Nike,Men's Fashion,55,5,Black,L
55,317,Dress,Adidas,Women's Fashion,23,4,Red,XL
55,359,Dress,Nike,Kids' Fashion,68,4,Red,L
55,378,T-shirt,Nike,Men's Fashion,45,4,Red,S
55,491,Dress,Zara,Kids' Fashion,42,3,Black,M
55,723,T-shirt,Nike,Men's Fashion,97,1,White,S
55,856,Jeans,Gucci,Women's Fashion,93,2,Green,XL
56,20,Dress,Gucci,Men's Fashion,53,4,Green,L
56,22,Jeans,Gucci,Women's Fashion,89,5,Green,L
56,125,Sweater,H&M,Kids' Fashion,56,4,Green,L
56,177,Sweater,Nike,Kids' Fashion,12,5,Yellow,M
56,194,Sweater,Adidas,Women's Fashion,92,4,White,S
56,423,Jeans,Adidas,Men's Fashion,83,5,Black,M
56,590,T-shirt,Nike,Kids' Fashion,65,2,Green,L
56,803,Sweater,Nike,Men's Fashion,13,2,Blue,XL
56,841,Dress,Zara,Men's Fashion,37,3,Blue,M
56,871,Shoes,H&M,Men's Fashion,66,3,White,XL
56,974,Shoes,Gucci,Kids' Fashion,72,3,Black,XL
57,4,Shoes,Zara,Men's Fashion,23,1,White,S
57,103,Jeans,Zara,Women's Fashion,84,4,White,XL
57,429,Shoes,Gucci,Women's Fashion,94,4,Black,XL
57,493,Shoes,H&M,Kids' Fashion,88,3,White,XL
57,550,T-shirt,Nike,Men's Fashion,69,3,Yellow,L
57,709,T-shirt,Adidas,Men's Fashion,53,2,White,XL
57,985,T-shirt,H&M,Women's Fashion,36,3,Green,S
58,141,Jeans,Nike,Women's Fashion,28,4,Yellow,L
58,275,Jeans,Nike,Men's Fashion,93,4,Green,XL
58,322,Shoes,H&M,Kids' Fashion,18,2,Red,M
58,417,Shoes,H&M,Women's Fashion,88,3,Red,S
58,455,T-shirt,Gucci,Women's Fashion,51,1,Blue,M
59,176,Dress,H&M,Kids' Fashion,91,2,Red,XL
59,214,Dress,Adidas,Women's Fashion,98,2,Yellow,XL
59,355,Sweater,Nike,Kids' Fashion,43,2,Red,XL
59,681,Shoes,Zara,Kids' Fashion,24,4,Black,L
59,719,Dress,H&M,Women's Fashion,34,2,Blue,M
59,837,Shoes,Nike,Kids' Fashion,50,2,Black,M
59,842,Jeans,Adidas,Men's Fashion,44,3,White,XL
59,994,Sweater,H&M,Men's Fashion,89,4,Green,L
60,23,Jeans,Zara,Kids' Fashion,91,4,Yellow,M
60,38,T-shirt,Nike,Kids' Fashion,76,3,Yellow,S
60,45,Jeans,Gucci,Women's Fashion,85,5,Red,L
60,333,Dress,H&M,Kids' Fashion,70,2,Yellow,M
60,364,Jeans,Nike,Kids' Fashion,65,2,Black,M
60,368,Shoes,Nike,Women's Fashion,35,2,Blue,XL
60,499,Dress,Adidas,Kids' Fashion,93,3,White,L
60,658,Jeans,Adidas,Women's Fashion,40,3,Green,L
60,861,Shoes,Gucci,Men's Fashion,98,5,White,XL
60,889,Shoes,Adidas,Kids' Fashion,25,5,Yellow,XL
60,942,Shoes,Adidas,Men's Fashion,49,2,Green,L
60,991,Shoes,Nike,Kids' Fashion,25,5,Red,L
61,180,T-shirt,Zara,Kids' Fashion,43,2,Green,M
61,235,Shoes,Zara,Women's Fashion,50,2,Green,L
61,310,Jeans,H&M,Men's Fashion,83,4,White,XL
61,331,T-shirt,Adidas,Kids' Fashion,25,3,Black,S
61,405,Jeans,Adidas,Women's Fashion,30,3,Blue,S
61,502,Dress,Zara,Kids' Fashion,33,5,Blue,M
61,568,Sweater,Gucci,Kids' Fashion,20,3,Red,L
61,591,Jeans,Gucci,Women's Fashion,97,2,White,M
61,627,T-shirt,Adidas,Men's Fashion,94,2,Green,M
61,697,T-shirt,Nike,Women's Fashion,99,5,Green,L
61,800,T-shirt,H&M,Men's Fashion,38,5,Red,S
61,862,Sweater,Adidas,Kids' Fashion,14,2,Blue,S
61,951,Sweater,Nike,Kids' Fashion,62,3,Black,L
61,954,T-shirt,Gucci,Women's Fashion,74,3,Green,L
62,95,Shoes,Gucci,Women's Fashion,58,2,Blue,S
62,169,Shoes,Zara,Men's Fashion,98,1,Black,XL
62,307,Dress,Zara,Men's Fashion,11,4,Yellow,S
62,346,Jeans,Adidas,Kids' Fashion,19,5,Yellow,XL
62,369,Shoes,Nike,Women's Fashion,96,4,Green,M
62,814,Sweater,Zara,Women's Fashion,48,3,Yellow,XL
62,961,Jeans,Nike,Women's Fashion,40,2,White,L
63,8,Sweater,Zara,Kids' Fashion,64,4,Blue,XL
63,61,Shoes,Adidas,Women's Fashion,25,1,Yellow,M
63,106,Jeans,H&M,Kids' Fashion,21,3,Red,L
63,118,Dress,Adidas,Men's Fashion,71,4,Yellow,S
63,372,Dress,Nike,Men's Fashion,41,2,White,S
63,643,T-shirt,Zara,Kids' Fashion,42,5,Black,L
63,754,Jeans,Gucci,Kids' Fashion,79,2,Red,L
63,892,T-shirt,Adidas,Women's Fashion,62,4,Blue,M
63,911,Jeans,Nike,Kids' Fashion,89,2,White,S
63,940,T-shirt,Gucci,Kids' Fashion,77,4,White,XL
64,24,Jeans,Zara,Women's Fashion,15,2,Yellow,XL
64,104,Jeans,H&M,Men's Fashion,24,5,White,M
64,206,Jeans,Nike,Kids' Fashion,56,4,Yellow,XL
64,234,Sweater,H&M,Kids' Fashion,55,2,White,S
64,632,Dress,Zara,Kids' Fashion,66,4,Yellow,M
64,644,Shoes,H&M,Kids' Fashion,79,1,White,M
64,858,T-shirt,Zara,Kids' Fashion,96,4,Yellow,M
64,929,Shoes,Gucci,Kids' Fashion,33,4,Blue,S
64,932,Jeans,H&M,Kids' Fashion,68,3,Yellow,L
65,25,Sweater,H&M,Kids' Fashion,38,1,Green,S
65,124,Sweater,H&M,Men's Fashion,62,1,Black,L
65,126,T-shirt,Nike,Kids' Fashion,55,5,Green,M
65,253,T-shirt,Zara,Kids' Fashion,98,4,White,M
65,371,Dress,Nike,Women's Fashion,33,1,White,XL
65,462,Dress,Zara,Women's Fashion,34,2,Yellow,M
65,561,Shoes,Zara,Men's Fashion,96,4,Yellow,M
65,578,Dress,Gucci,Women's Fashion,48,3,Green,L
65,581,Sweater,Zara,Men's Fashion,83,5,Red,L
65,631,T-shirt,Zara,Kids' Fashion,32,4,White,S
65,653,Dress,Gucci,Kids' Fashion,17,5,Red,L
65,735,Sweater,H&M,Men's Fashion,28,4,Yellow,L
65,751,Jeans,Gucci,Kids' Fashion,72,2,Blue,S
65,786,T-shirt,H&M,Kids' Fashion,73,4,White,L
65,821,Dress,H&M,Women's Fashion,30,4,Blue,XL
65,823,T-shirt,H&M,Kids' Fashion,77,3,White,L
65,944,Sweater,H&M,Kids' Fashion,49,3,Black,S
66,228,Shoes,H&M,Men's Fashion,15,2,Green,S
66,301,Shoes,Adidas,Kids' Fashion,93,2,Yellow,M
66,358,Shoes,Adidas,Men's Fashion,55,1,Blue,XL
66,391,Dress,Gucci,Women's Fashion,25,4,Blue,M
66,412,Shoes,Nike,Kids' Fashion,63,3,Black,XL
66,757,Shoes,Gucci,Kids' Fashion,61,4,Black,L
66,802,Shoes,Gucci,Men's Fashion,26,3,Green,XL
66,804,T-shirt,Zara,Kids' Fashion,91,3,Black,M
66,845,Sweater,Gucci,Men's Fashion,92,2,Green,M
67,150,T-shirt,Nike,Women's Fashion,43,1,Green,M
67,184,Sweater,Zara,Women's Fashion,67,3,Green,L
67,325,T-shirt,Nike,Men's Fashion,91,3,Black,XL
67,623,Shoes,Adidas,Kids' Fashion,62,2,Green,L
67,656,Jeans,Nike,Men's Fashion,79,5,White,M
67,890,T-shirt,H&M,Men's Fashion,42,1,Black,M
67,989,T-shirt,Adidas,Men's Fashion,78,5,Black,S
68,221,T-shirt,Adidas,Men's Fashion,49,3,Black,L
68,237,Shoes,Adidas,Men's Fashion,58,4,White,S
68,250,Dress,H&M,Women's Fashion,21,3,Yellow,XL
68,262,Jeans,Gucci,Women's Fashion,94,4,Blue,S
68,375,Jeans,Zara,Women's Fashion,49,4,Blue,XL
68,545,Shoes,Zara,Men's Fashion,82,2,Red,XL
68,620,Sweater,Nike,Kids' Fashion,37,3,White,XL
68,740,Dress,Nike,Women's Fashion,72,4,White,XL
68,797,Sweater,H&M,Kids' Fashion,62,1,Red,XL
69,11,T-shirt,Adidas,Men's Fashion,51,1,Red,S
69,33,Jeans,H&M,Kids' Fashion,89,5,Green,XL
69,83,Shoes,Nike,Women's Fashion,49,1,Blue,L
69,286,T-shirt,H&M,Kids' Fashion,13,3,White,XL
69,299,Shoes,Gucci,Kids' Fashion,21,3,Green,S
69,342,Sweater,Zara,Women's Fashion,27,4,Yellow,S
69,486,Jeans,Adidas,Women's Fashion,69,1,Yellow,L
70,129,T-shirt,Zara,Women's Fashion,85,2,Yellow,M
70,131,T-shirt,H&M,Men's Fashion,50,3,Blue,M
70,457,Jeans,Gucci,Women's Fashion,36,2,Green,M
70,504,Sweater,Zara,Men's Fashion,22,2,Black,XL
70,564,Shoes,Adidas,Kids' Fashion,31,5,Blue,M
70,773,Shoes,Nike,Women's Fashion,74,3,Black,XL
70,833,Sweater,H&M,Kids' Fashion,82,1,Yellow,L
70,984,Dress,Gucci,Men's Fashion,64,3,Green,XL
71,80,Jeans,Nike,Kids' Fashion,21,3,Red,XL
71,102,Sweater,Gucci,Kids' Fashion,19,4,Red,S
71,287,T-shirt,Zara,Kids' Fashion,62,5,Blue,XL
71,336,T-shirt,Nike,Kids' Fashion,28,4,White,XL
71,439,Jeans,Zara,Men's Fashion,20,3,White,XL
71,512,Shoes,Nike,Men's Fashion,92,2,Blue,S
71,584,T-shirt,Gucci,Women's Fashion,17,3,Black,S
71,589,T-shirt,Adidas,Women's Fashion,99,1,Red,L
71,750,Shoes,Nike,Kids' Fashion,57,4,Red,L
71,763,T-shirt,Nike,Men's Fashion,25,2,Green,S
71,769,Sweater,Zara,Men's Fashion,28,4,White,S
71,771,T-shirt,Zara,Men's Fashion,82,2,Red,XL
72,81,T-shirt,Nike,Women's Fashion,66,2,Green,S
72,196,Jeans,Gucci,Kids' Fashion,17,1,Red,M
72,242,Dress,H&M,Men's Fashion,52,4,Green,M
72,363,Jeans,Nike,Kids' Fashion,33,3,Yellow,L
72,430,T-shirt,Nike,Kids' Fashion,92,3,Black,S
72,508,Dress,Gucci,Men's Fashion,25,4,Blue,M
72,525,T-shirt,Adidas,Kids' Fashion,58,2,Blue,M
72,727,Jeans,Adidas,Women's Fashion,11,4,White,S
72,730,Jeans,Zara,Kids' Fashion,68,2,Green,M
72,854,T-shirt,Adidas,Kids' Fashion,83,4,Green,M
72,936,Sweater,Gucci,Men's Fashion,33,2,White,M
72,945,Jeans,Gucci,Kids' Fashion,58,2,Red,L
73,139,Sweater,Gucci,Women's Fashion,45,4,Blue,XL
73,276,Jeans,Nike,Men's Fashion,43,1,Yellow,M
73,306,T-shirt,Gucci,Men's Fashion,23,3,Black,XL
73,380,Dress,Gucci,Women's Fashion,23,1,Red,XL
73,392,T-shirt,Zara,Men's Fashion,53,3,White,S
73,475,Sweater,H&M,Men's Fashion,69,4,Yellow,S
73,633,Dress,Nike,Women's Fashion,72,4,Red,L
73,718,T-shirt,Zara,Women's Fashion,30,1,White,L
73,745,Sweater,Zara,Men's Fashion,40,4,Blue,L
73,776,Dress,Nike,Men's Fashion,86,2,Red,M
73,791,Jeans,Gucci,Women's Fashion,58,4,Green,L
73,840,Shoes,Zara,Kids' Fashion,84,3,Red,S
73,883,Shoes,Nike,Kids' Fashion,49,2,Yellow,L
74,48,T-shirt,Gucci,Kids' Fashion,10,2,Green,M
74,181,Shoes,H&M,Kids' Fashion,80,5,Black,L
74,255,T-shirt,H&M,Kids' Fashion,81,3,Green,M
74,385,Shoes,Gucci,Women's Fashion,35,4,Yellow,L
74,604,T-shirt,Gucci,Men's Fashion,10,4,Yellow,S
74,630,T-shirt,Nike,Women's Fashion,84,2,White,XL
74,648,T-shirt,Gucci,Men's Fashion,20,3,White,L
74,677,Shoes,Gucci,Women's Fashion,68,5,Blue,L
74,774,Dress,H&M,Men's Fashion,94,3,White,L
74,807,Jeans,Zara,Men's Fashion,31,2,Blue,S
74,875,Jeans,Adidas,Kids' Fashion,52,3,Black,L
75,144,Shoes,Adidas,Kids' Fashion,57,1,Blue,M
75,146,Shoes,Adidas,Women's Fashion,53,3,Yellow,M
75,200,Sweater,H&M,Men's Fashion,45,4,Black,S
75,370,T-shirt,Nike,Kids' Fashion,58,3,White,S
75,448,Shoes,Gucci,Kids' Fashion,53,2,Green,M
75,625,Shoes,Adidas,Kids' Fashion,78,3,Black,L
75,642,T-shirt,Gucci,Kids' Fashion,22,5,Black,S
75,683,Jeans,Gucci,Men's Fashion,31,2,White,XL
75,822,T-shirt,Gucci,Kids' Fashion,48,5,Green,XL
75,860,Dress,Nike,Kids' Fashion,43,4,Blue,S
76,213,Jeans,Zara,Women's Fashion,80,5,Yellow,XL
76,271,Jeans,Nike,Men's Fashion,45,4,Blue,L
76,347,Dress,H&M,Men's Fashion,18,1,Blue,XL
76,470,T-shirt,Adidas,Kids' Fashion,34,5,Blue,S
76,576,T-shirt,H&M,Women's Fashion,26,3,White,S
76,712,Shoes,Gucci,Kids' Fashion,100,5,Green,S
76,783,Jeans,H&M,Women's Fashion,59,2,Red,S
76,918,Shoes,H&M,Kids' Fashion,73,4,Red,XL
77,109,Jeans,Nike,Kids' Fashion,73,3,Black,XL
77,116,Shoes,Adidas,Women's Fashion,60,3,Green,M
77,120,T-shirt,H&M,Men's Fashion,12,3,Green,M
77,222,Dress,Adidas,Kids' Fashion,36,1,Yellow,S
77,244,Sweater,Zara,Women's Fashion,85,3,Blue,XL
77,274,Dress,Adidas,Women's Fashion,18,2,Red,S
77,394,T-shirt,Gucci,Men's Fashion,56,4,Yellow,M
77,478,T-shirt,H&M,Women's Fashion,12,1,Green,L
77,529,Shoes,Gucci,Women's Fashion,59,2,White,L
77,668,Shoes,Zara,Men's Fashion,11,2,White,S
77,785,T-shirt,H&M,Men's Fashion,57,1,Red,S
77,935,Sweater,Adidas,Men's Fashion,60,2,Black,S
77,979,T-shirt,Nike,Men's Fashion,96,2,Blue,S
77,987,Shoes,H&M,Women's Fashion,42,3,Red,M
78,44,Jeans,Nike,Kids' Fashion,74,2,White,M
78,55,Sweater,Adidas,Kids' Fashion,76,3,Red,S
78,219,Dress,H&M,Women's Fashion,97,2,Green,S
78,284,T-shirt,Zara,Men's Fashion,23,4,Black,S
78,361,Sweater,H&M,Kids' Fashion,62,2,Blue,XL
78,722,Dress,Adidas,Women's Fashion,73,4,Blue,L
78,815,Sweater,Zara,Women's Fashion,16,3,Black,S
78,848,Shoes,Nike,Kids' Fashion,31,4,White,L
78,946,Sweater,H&M,Women's Fashion,15,2,Red,S
78,970,Sweater,H&M,Kids' Fashion,19,5,White,L
79,5,T-shirt,Adidas,Men's Fashion,79,4,Black,M
79,100,Shoes,Adidas,Kids' Fashion,84,2,Red,L
79,233,Shoes,Nike,Kids' Fashion,39,5,Red,M
79,420,Jeans,Adidas,Men's Fashion,81,5,White,M
79,422,Dress,Nike,Kids' Fashion,20,2,Blue,S
79,474,Dress,H&M,Kids' Fashion,68,1,Yellow,L
79,548,Sweater,Zara,Kids' Fashion,65,1,Red,M
79,598,Shoes,Gucci,Women's Fashion,77,1,Yellow,XL
79,673,T-shirt,Gucci,Kids' Fashion,83,3,Yellow,M
79,887,Sweater,Adidas,Men's Fashion,88,4,Blue,XL
80,52,Dress,Nike,Kids' Fashion,59,4,Red,S
80,108,Sweater,Gucci,Men's Fashion,13,4,Green,L
80,123,Sweater,Nike,Women's Fashion,65,3,Yellow,L
80,161,Sweater,Adidas,Women's Fashion,67,5,Blue,M
80,334,Sweater,Zara,Men's Fashion,16,2,Yellow,L
80,428,T-shirt,Gucci,Kids' Fashion,34,2,Green,M
80,573,Shoes,Zara,Kids' Fashion,78,3,White,L
80,601,Dress,Adidas,Women's Fashion,44,1,White,L
80,613,Jeans,Gucci,Women's Fashion,37,5,Black,XL
80,616,Dress,Zara,Women's Fashion,98,5,Red,M
80,629,Shoes,Gucci,Men's Fashion,95,4,White,M
80,904,Sweater,Zara,Women's Fashion,27,2,Yellow,M
80,909,Jeans,Nike,Women's Fashion,32,3,Green,XL
80,937,T-shirt,Gucci,Men's Fashion,38,1,Red,S
80,988,T-shirt,H&M,Men's Fashion,56,3,Blue,XL
81,187,Jeans,Zara,Women's Fashion,36,3,Green,S
81,229,Shoes,Adidas,Kids' Fashion,65,2,Red,XL
81,696,Sweater,Adidas,Men's Fashion,39,5,Green,XL
81,922,Jeans,Gucci,Men's Fashion,45,5,Green,L
81,939,Jeans,H&M,Men's Fashion,93,5,White,M
81,955,Jeans,Nike,Kids' Fashion,64,2,White,XL
82,27,T-shirt,Adidas,Kids' Fashion,72,3,Red,L
82,174,Jeans,Adidas,Kids' Fashion,80,3,Black,M
82,418,Jeans,Zara,Men's Fashion,34,5,Blue,S
82,523,Sweater,Gucci,Women's Fashion,71,1,Black,S
82,536,Dress,H&M,Kids' Fashion,18,3,Yellow,S
82,649,T-shirt,Gucci,Women's Fashion,76,2,Red,S
82,698,Sweater,Zara,Men's Fashion,85,2,White,XL
82,724,Shoes,Adidas,Women's Fashion,57,3,Yellow,S
82,846,T-shirt,Nike,Kids' Fashion,26,4,Yellow,M
82,971,Shoes,H&M,Men's Fashion,45,3,Green,XL
82,976,Dress,Nike,Kids' Fashion,42,2,White,M
83,58,Shoes,Adidas,Women's Fashion,61,2,White,L
83,248,Sweater,Zara,Kids' Fashion,81,4,Red,M
83,403,Shoes,Adidas,Men's Fashion,61,3,Red,S
83,469,Dress,Nike,Women's Fashion,95,5,Yellow,XL
83,624,T-shirt,Nike,Women's Fashion,70,4,White,L
83,767,Shoes,H&M,Men's Fashion,72,5,Yellow,L
83,781,Sweater,Nike,Men's Fashion,85,5,Green,L
83,899,Shoes,Gucci,Men's Fashion,85,2,Red,XL
83,919,Shoes,Adidas,Women's Fashion,96,3,Red,S
84,19,Shoes,Gucci,Women's Fashion,54,3,White,M
84,40,Dress,Zara,Women's Fashion,26,2,Black,XL
84,67,Jeans,Gucci,Women's Fashion,41,4,Green,M
84,85,Shoes,Nike,Women's Fashion,89,1,Yellow,XL
84,202,Sweater,Nike,Men's Fashion,40,3,Green,S
84,444,Dress,Nike,Men's Fashion,31,2,White,XL
84,447,Shoes,H&M,Kids' Fashion,27,5,Yellow,XL
84,503,Sweater,Adidas,Kids' Fashion,16,5,White,XL
84,868,Sweater,Gucci,Kids' Fashion,72,4,Red,L
84,897,Jeans,H&M,Women's Fashion,22,4,White,S
84,968,Sweater,Gucci,Kids' Fashion,46,1,Black,S
84,972,Jeans,Gucci,Men's Fashion,14,5,White,XL
85,88,Dress,Nike,Kids' Fashion,61,3,White,L
85,482,Dress,Gucci,Women's Fashion,97,4,Yellow,M
85,610,Shoes,H&M,Women's Fashion,62,3,Green,M
85,963,Shoes,H&M,Men's Fashion,21,4,Black,XL
86,258,Dress,Gucci,Women's Fashion,14,4,Yellow,S
86,483,T-shirt,Zara,Women's Fashion,75,3,Black,XL
86,761,Dress,H&M,Men's Fashion,92,4,Black,L
87,12,Sweater,Gucci,Kids' Fashion,91,3,Yellow,M
87,21,Jeans,H&M,Men's Fashion,56,3,Yellow,S
87,28,Shoes,Zara,Women's Fashion,32,3,Yellow,L
87,66,Sweater,H&M,Kids' Fashion,59,5,Red,XL
87,216,Shoes,Gucci,Kids' Fashion,57,4,White,M
87,353,Sweater,Nike,Women's Fashion,78,3,Blue,M
87,373,T-shirt,Adidas,Men's Fashion,63,3,Green,M
87,518,Sweater,Gucci,Men's Fashion,56,3,Yellow,S
87,725,Jeans,Gucci,Women's Fashion,12,4,Black,XL
87,748,Sweater,Zara,Kids' Fashion,45,3,Red,S
87,905,Jeans,Nike,Women's Fashion,83,1,Red,XL
88,143,Shoes,Gucci,Women's Fashion,81,5,White,L
88,209,Dress,H&M,Women's Fashion,30,1,Black,XL
88,243,Shoes,H&M,Men's Fashion,79,1,White,XL
88,289,Sweater,Adidas,Kids' Fashion,18,3,Blue,M
88,318,Sweater,Zara,Men's Fashion,49,1,Yellow,S
88,442,T-shirt,H&M,Men's Fashion,74,4,Red,S
88,497,Jeans,Gucci,Women's Fashion,30,4,Yellow,M
88,792,Sweater,Adidas,Kids' Fashion,88,5,Yellow,XL
88,847,T-shirt,Gucci,Women's Fashion,10,1,Green,S
88,953,Jeans,Nike,Kids' Fashion,19,2,Blue,L
89,246,Jeans,Gucci,Kids' Fashion,68,3,Green,S
89,357,T-shirt,Adidas,Kids' Fashion,15,3,Yellow,L
89,379,Jeans,Nike,Women's Fashion,25,4,White,M
89,390,Sweater,Adidas,Women's Fashion,86,4,Green,M
89,406,Shoes,Nike,Men's Fashion,54,2,Black,L
89,438,T-shirt,Adidas,Kids' Fashion,86,5,Yellow,XL
89,609,Sweater,Adidas,Kids' Fashion,75,5,Red,S
89,614,Sweater,Gucci,Men's Fashion,47,1,Green,L
89,665,T-shirt,H&M,Women's Fashion,25,3,Red,S
89,733,Sweater,Adidas,Women's Fashion,75,5,Black,M
89,734,Dress,Zara,Women's Fashion,80,2,Blue,XL
89,866,Shoes,H&M,Men's Fashion,66,5,White,S
89,895,Jeans,Gucci,Women's Fashion,88,2,Yellow,L
89,916,Sweater,Nike,Men's Fashion,91,3,Black,M
89,993,Shoes,H&M,Women's Fashion,33,4,Yellow,S
90,91,Jeans,H&M,Kids' Fashion,85,3,Green,XL
90,122,Sweater,H&M,Women's Fashion,36,4,Blue,XL
90,315,Jeans,Nike,Kids' Fashion,56,1,White,XL
90,384,Sweater,H&M,Kids' Fashion,84,1,Black,L
90,395,Shoes,Nike,Women's Fashion,14,3,Yellow,M
90,521,T-shirt,Adidas,Men's Fashion,19,3,White,M
90,608,T-shirt,H&M,Women's Fashion,51,3,Blue,M
90,885,T-shirt,Zara,Kids' Fashion,94,3,White,XL
91,43,T-shirt,Adidas,Men's Fashion,39,4,White,M
91,155,T-shirt,Gucci,Women's Fashion,48,2,White,L
91,292,T-shirt,Nike,Men's Fashion,63,3,Green,S
91,692,Dress,Nike,Women's Fashion,39,5,Red,XL
91,706,Jeans,Gucci,Women's Fashion,69,1,Green,S
91,714,Shoes,Zara,Men's Fashion,35,2,White,S
91,787,Dress,H&M,Women's Fashion,96,3,Blue,XL
91,820,T-shirt,Nike,Women's Fashion,49,3,White,L
91,902,Shoes,Gucci,Women's Fashion,40,3,Black,XL
91,1000,Shoes,Adidas,Women's Fashion,79,3,White,L
92,112,Jeans,Adidas,Men's Fashion,15,2,White,S
92,156,T-shirt,Adidas,Women's Fashion,21,1,Red,L
92,167,Shoes,Zara,Kids' Fashion,43,4,Blue,S
92,231,Dress,Zara,Women's Fashion,33,5,Red,L
92,365,T-shirt,Nike,Men's Fashion,16,3,White,L
92,450,Shoes,Nike,Kids' Fashion,59,4,Black,XL
92,484,Sweater,Gucci,Men's Fashion,47,2,Red,XL
92,496,T-shirt,Adidas,Kids' Fashion,59,2,Green,L
92,569,Dress,Nike,Kids' Fashion,55,4,Blue,XL
92,605,Jeans,Adidas,Women's Fashion,62,3,Red,S
92,877,Sweater,Zara,Women's Fashion,29,5,Red,L
92,924,Sweater,Nike,Men's Fashion,80,4,Black,M
92,967,Shoes,Gucci,Kids' Fashion,85,4,Blue,M
93,47,Jeans,Zara,Men's Fashion,62,1,Green,S
93,178,Jeans,Nike,Women's Fashion,26,2,Red,XL
93,232,Jeans,Zara,Men's Fashion,49,1,Red,S
93,356,Dress,Zara,Kids' Fashion,68,4,Black,S
93,456,Shoes,Gucci,Men's Fashion,14,4,Blue,M
93,628,Sweater,Nike,Women's Fashion,64,4,Red,S
93,770,T-shirt,H&M,Kids' Fashion,14,5,Yellow,S
93,836,Jeans,Gucci,Women's Fashion,21,4,White,L
94,72,T-shirt,H&M,Women's Fashion,51,3,Yellow,M
94,135,Dress,Adidas,Kids' Fashion,14,4,Blue,L
94,218,Sweater,Gucci,Men's Fashion,69,3,Red,M
94,828,Sweater,H&M,Women's Fashion,29,4,Green,S
94,830,Jeans,Gucci,Kids' Fashion,54,4,Green,S
94,872,Jeans,H&M,Women's Fashion,96,5,Black,M
94,884,Dress,Zara,Men's Fashion,51,3,Green,L
94,900,T-shirt,Nike,Men's Fashion,91,2,Blue,XL
94,960,Jeans,Gucci,Men's Fashion,50,4,Red,M
94,983,Dress,Zara,Men's Fashion,50,4,Red,XL
95,121,T-shirt,Gucci,Men's Fashion,96,2,Red,M
95,149,Jeans,Adidas,Women's Fashion,56,4,Green,M
95,283,Sweater,H&M,Men's Fashion,80,4,White,S
95,327,Dress,Adidas,Kids' Fashion,72,5,White,L
95,400,Jeans,H&M,Women's Fashion,91,2,Green,S
95,509,Dress,Gucci,Men's Fashion,28,2,Blue,L
95,597,Jeans,H&M,Men's Fashion,38,3,Blue,M
95,728,Dress,Zara,Men's Fashion,63,2,Yellow,S
95,784,Sweater,Zara,Men's Fashion,46,3,White,M
96,9,Sweater,H&M,Men's Fashion,53,4,Green,XL
96,230,Shoes,Zara,Men's Fashion,82,5,Black,S
96,583,Dress,H&M,Kids' Fashion,64,4,Green,L
96,700,Dress,H&M,Women's Fashion,78,5,Yellow,S
96,832,Jeans,Nike,Women's Fashion,87,2,Blue,L
96,855,Jeans,H&M,Kids' Fashion,88,2,Red,L
97,2,Shoes,H&M,Women's Fashion,82,4,Black,L
97,113,T-shirt,Zara,Men's Fashion,60,1,White,L
97,313,Shoes,H&M,Women's Fashion,76,5,Green,XL
97,345,Shoes,H&M,Kids' Fashion,67,1,Yellow,S
97,382,T-shirt,Gucci,Men's Fashion,93,4,Yellow,M
97,593,Sweater,H&M,Men's Fashion,89,3,White,S
97,594,Sweater,Nike,Kids' Fashion,86,4,Yellow,S
97,659,Shoes,Zara,Women's Fashion,21,1,White,M
97,720,Shoes,Adidas,Men's Fashion,27,3,Black,S
98,6,Dress,Adidas,Men's Fashion,47,1,Yellow,L
98,29,Shoes,Gucci,Women's Fashion,85,5,Yellow,M
98,32,T-shirt,Nike,Kids' Fashion,78,3,White,XL
98,50,T-shirt,H&M,Women's Fashion,38,3,Blue,L
98,73,T-shirt,Gucci,Men's Fashion,34,3,Red,M
98,173,Dress,Nike,Kids' Fashion,21,3,Yellow,S
98,473,Dress,Nike,Women's Fashion,51,2,Red,S
98,528,Shoes,Zara,Men's Fashion,33,3,Black,M
98,694,T-shirt,Adidas,Kids' Fashion,51,2,Red,L
98,779,Jeans,Nike,Kids' Fashion,94,4,Yellow,XL
98,869,Jeans,Zara,Men's Fashion,100,2,Black,XL
98,893,Shoes,H&M,Kids' Fashion,76,2,Red,S
98,898,Dress,Nike,Women's Fashion,44,4,Green,M
98,934,T-shirt,Nike,Women's Fashion,82,3,Green,XL
99,57,Sweater,Adidas,Women's Fashion,52,4,Red,M
99,111,Shoes,Zara,Women's Fashion,55,2,Green,M
99,158,Shoes,Adidas,Men's Fashion,88,3,Blue,M
99,296,T-shirt,H&M,Women's Fashion,25,4,White,S
99,575,T-shirt,H&M,Kids' Fashion,72,5,White,L
99,679,Jeans,Adidas,Kids' Fashion,19,1,Yellow,L
99,755,T-shirt,Zara,Women's Fashion,90,3,White,S
99,834,Shoes,H&M,Women's Fashion,98,4,Yellow,S
100,82,Dress,H&M,Kids' Fashion,31,5,Blue,S
100,128,T-shirt,H&M,Women's Fashion,61,2,Green,M
100,132,Sweater,Adidas,Women's Fashion,10,3,White,M
100,166,Sweater,Adidas,Kids' Fashion,96,5,White,L
100,397,Shoes,Zara,Kids' Fashion,94,2,White,XL
100,425,Jeans,Nike,Men's Fashion,96,4,Blue,XL
100,477,Sweater,Nike,Men's Fashion,30,2,Black,S
100,566,Dress,Gucci,Kids' Fashion,80,4,White,M
100,669,Shoes,Adidas,Women's Fashion,66,3,White,L
100,707,Dress,Adidas,Women's Fashion,68,4,Green,M
100,806,Jeans,Zara,Women's Fashion,11,4,Green,L
100,870,Jeans,Nike,Kids' Fashion,26,3,Yellow,S
100,959,Sweater,H&M,Kids' Fashion,45,3,Yellow,XL
